played_at,focal_player_rating
2026-03-20 03:28:24-04,928
2026-03-20 03:30:29-04,920
2026-03-20 03:33:10-04,912
2026-03-20 03:35:25-04,903
2026-03-20 11:55:25-04,895
2026-03-20 11:56:21-04,903
2026-03-20 12:01:21-04,895
2026-03-20 12:03:53-04,903
2026-03-20 12:05:32-04,896
2026-03-20 12:07:20-04,888
2026-03-20 19:08:57-04,880
2026-03-20 19:11:06-04,888
2026-03-20 19:14:01-04,895
2026-03-20 19:17:25-04,887
2026-03-20 19:21:15-04,895
2026-03-20 19:24:48-04,903
2026-03-21 15:06:36-04,911
2026-03-21 15:08:03-04,903
2026-03-21 15:13:31-04,911
2026-03-22 01:26:34-04,919
2026-03-22 14:01:45-04,926
2026-03-22 14:03:49-04,918
2026-03-22 14:06:25-04,910
2026-03-22 14:10:24-04,902
2026-03-22 14:13:39-04,894
2026-03-22 14:15:04-04,886
2026-03-22 20:07:22-04,894
2026-03-22 20:11:25-04,886
2026-03-22 21:20:56-04,878
2026-03-22 21:22:50-04,870
2026-03-22 21:29:05-04,878
2026-03-22 22:21:05-04,886
2026-03-22 22:22:55-04,878
2026-03-23 16:14:58-04,870
2026-03-23 16:17:15-04,862
2026-03-23 16:18:10-04,854
2026-03-23 16:22:39-04,862
2026-03-23 16:26:19-04,853
2026-03-23 16:27:51-04,845
2026-03-23 16:34:10-04,853
2026-03-23 20:23:36-04,845
2026-03-23 20:28:27-04,853
2026-03-23 20:33:40-04,861
2026-03-23 20:35:44-04,853
2026-03-23 20:36:52-04,845
2026-03-23 20:41:57-04,853
2026-03-23 22:14:54-04,861
2026-03-24 00:57:47-04,869
2026-03-24 01:02:38-04,877
2026-03-24 01:04:14-04,870
2026-03-24 01:06:12-04,861
2026-03-24 21:53:00-04,861
2026-03-24 21:58:44-04,869
2026-03-24 22:02:29-04,861
2026-03-24 22:07:26-04,868
2026-03-25 23:00:19-04,876
2026-03-25 23:02:48-04,868
2026-03-25 23:04:27-04,876
2026-03-25 23:08:06-04,868
2026-03-25 23:50:06-04,860
2026-03-26 19:46:10-04,868
2026-03-26 19:47:28-04,860
2026-03-26 21:25:15-04,851
2026-03-27 10:07:18-04,844
2026-03-27 10:10:05-04,852
2026-03-27 10:11:11-04,844
2026-03-27 10:12:38-04,836
2026-03-27 10:14:21-04,828
2026-03-27 16:45:09-04,820
2026-03-27 17:13:42-04,828
2026-03-27 17:17:07-04,820
2026-03-27 17:30:10-04,812
2026-03-27 17:36:06-04,820
2026-03-27 18:43:00-04,828
2026-03-27 18:44:00-04,819
2026-03-27 21:57:31-04,827
2026-03-27 21:59:37-04,819
2026-03-27 22:01:56-04,827
2026-03-27 22:08:18-04,835
2026-03-27 22:10:47-04,827
2026-03-28 19:54:16-04,819
2026-03-28 19:57:54-04,810
2026-03-28 21:41:22-04,818
2026-03-28 21:41:48-04,810
2026-03-28 21:43:06-04,802
2026-03-28 21:47:05-04,810
2026-03-28 21:50:48-04,818
2026-03-28 21:55:00-04,826
2026-03-28 21:56:56-04,834
2026-03-28 21:57:55-04,842
2026-03-28 22:01:16-04,833
2026-03-29 19:38:29-04,841
2026-03-29 19:40:27-04,833
2026-03-29 19:43:41-04,841
2026-03-29 19:50:09-04,841
2026-03-29 20:28:33-04,849
2026-03-29 20:32:14-04,857
2026-03-29 20:34:15-04,865
2026-03-29 20:39:44-04,873
2026-03-29 20:42:29-04,881
2026-03-29 20:45:01-04,889
2026-03-29 21:53:59-04,881
2026-03-30 10:22:17-04,873
2026-03-30 10:26:23-04,881
2026-03-30 10:29:11-04,889
2026-03-30 15:28:44-04,897
2026-03-31 09:46:37-04,905
2026-03-31 09:51:55-04,905
2026-03-31 09:56:52-04,912
2026-03-31 09:59:59-04,904
2026-03-31 10:00:59-04,896
2026-03-31 10:04:56-04,888
2026-03-31 10:05:45-04,896
2026-03-31 10:09:12-04,888
2026-03-31 21:13:58-04,896
2026-03-31 21:14:30-04,888
2026-03-31 21:17:16-04,896
2026-03-31 21:18:20-04,890
2026-03-31 21:22:58-04,898
2026-03-31 22:52:01-04,906
2026-03-31 22:56:13-04,914
2026-03-31 22:59:24-04,906
2026-03-31 23:04:20-04,914
2026-03-31 23:06:17-04,906
2026-04-01 12:09:32-04,898
2026-04-01 12:13:58-04,906
2026-04-01 12:18:15-04,898
2026-04-01 12:20:52-04,906
2026-04-01 12:31:54-04,914
2026-04-01 12:32:22-04,907
2026-04-01 12:36:23-04,899
2026-04-01 13:10:09-04,907
2026-04-01 13:12:52-04,915
2026-04-01 13:14:38-04,907
2026-04-01 13:31:43-04,916
2026-04-01 13:35:51-04,924
2026-04-01 13:41:23-04,931
2026-04-01 23:28:39-04,923
2026-04-01 23:34:38-04,931
2026-04-01 23:36:59-04,923
2026-04-02 11:12:07-04,931
2026-04-02 15:04:12-04,923
2026-04-02 15:09:53-04,931
2026-04-02 16:05:47-04,939
2026-04-02 16:08:00-04,947
2026-04-02 16:10:50-04,955
2026-04-02 20:07:14-04,963
2026-04-02 21:26:05-04,971
2026-04-02 21:28:31-04,979
2026-04-02 21:32:39-04,987
2026-04-02 21:38:43-04,979
2026-04-03 09:18:50-04,971
2026-04-04 10:46:16-04,979
2026-04-04 10:49:51-04,987
2026-04-04 10:56:09-04,995
2026-04-04 10:58:17-04,1003
2026-04-04 12:13:30-04,1012
2026-04-04 12:14:41-04,1004
2026-04-04 15:59:05-04,1012
2026-04-04 20:41:52-04,1004
2026-04-04 22:22:19-04,1012
2026-04-04 22:27:05-04,1020
2026-04-04 22:28:28-04,1013
2026-04-05 09:43:46-04,1021
2026-04-05 09:49:30-04,1029
2026-04-05 09:53:51-04,1021
2026-04-05 09:56:52-04,1013
2026-04-05 09:59:26-04,1005
2026-04-05 12:28:03-04,997
2026-04-05 12:34:37-04,1005
2026-04-05 12:37:49-04,1013
2026-04-05 12:43:14-04,1021
2026-04-05 13:44:44-04,1013
2026-04-05 14:34:21-04,1005
2026-04-05 15:46:25-04,1013
2026-04-05 15:48:46-04,1005
2026-04-05 16:10:47-04,1013
2026-04-05 16:14:12-04,1013
2026-04-05 16:19:48-04,1021
2026-04-05 19:40:08-04,1029
2026-04-05 23:11:18-04,1037
2026-04-05 23:14:45-04,1045
2026-04-06 19:02:09-04,1037
2026-04-06 19:07:04-04,1045
2026-04-06 19:09:34-04,1054
2026-04-06 19:13:25-04,1062
2026-04-06 19:16:12-04,1070
2026-04-06 19:19:14-04,1062
2026-04-06 23:04:16-04,1070
2026-04-06 23:06:34-04,1062
2026-04-06 23:16:28-04,1054
2026-04-06 23:18:34-04,1046
2026-04-06 23:20:33-04,1038
2026-04-06 23:25:54-04,1030
2026-04-07 14:44:01-04,1039
2026-04-07 14:47:40-04,1031
2026-04-07 14:50:48-04,1023
2026-04-07 14:55:17-04,1031
2026-04-07 14:57:10-04,1023
2026-04-07 15:01:36-04,1031
2026-04-07 15:06:17-04,1039
2026-04-07 18:58:34-04,1039
2026-04-07 19:01:32-04,1047
2026-04-07 19:03:54-04,1039
2026-04-07 19:08:15-04,1031
2026-04-07 19:14:00-04,1040
2026-04-07 19:15:59-04,1048
2026-04-07 22:11:22-04,1056
2026-04-07 22:14:27-04,1064
2026-04-07 22:17:45-04,1056
2026-04-07 22:31:02-04,1064
2026-04-07 22:33:21-04,1056
2026-04-07 22:34:21-04,1048
2026-04-07 22:46:04-04,1040
2026-04-08 20:38:36-04,1032
2026-04-08 20:40:14-04,1040
2026-04-08 20:43:42-04,1032
2026-04-08 20:48:02-04,1040
2026-04-08 20:50:13-04,1032
2026-04-08 22:21:52-04,1023
2026-04-08 22:30:37-04,1031
2026-04-08 22:36:46-04,1039
2026-04-08 22:40:10-04,1031
2026-04-08 22:46:12-04,1039
2026-04-08 22:50:38-04,1047
2026-04-08 22:53:01-04,1039
2026-04-09 10:53:29-04,1031
2026-04-09 10:57:06-04,1023
2026-04-09 11:00:58-04,1031
2026-04-09 11:04:42-04,1023
2026-04-09 11:08:56-04,1015
2026-04-09 11:24:57-04,1023
2026-04-09 12:25:31-04,1015
2026-04-09 12:30:40-04,1008
2026-04-09 17:06:05-04,1001
2026-04-09 17:11:58-04,1009
2026-04-09 17:16:34-04,1001
2026-04-09 19:35:46-04,1009
2026-04-09 21:05:53-04,1017
2026-04-09 21:08:04-04,1025
2026-04-09 21:14:27-04,1018
2026-04-09 22:12:29-04,1027
2026-04-09 22:13:01-04,1019
2026-04-09 22:15:55-04,1011
2026-04-09 22:20:53-04,1001
2026-04-09 22:23:33-04,993
2026-04-10 12:09:40-04,1001
2026-04-10 12:15:17-04,1009
2026-04-10 12:15:43-04,1001
2026-04-10 13:11:47-04,993
2026-04-10 13:12:38-04,985
2026-04-10 13:14:01-04,992
2026-04-10 13:16:05-04,1000
2026-04-10 15:45:43-04,992
2026-04-10 15:48:01-04,984
2026-04-10 16:00:12-04,976
2026-04-10 19:26:36-04,984
2026-04-10 21:39:50-04,984
2026-04-10 21:43:21-04,977
2026-04-10 22:12:10-04,969
2026-04-11 08:49:24-04,961
2026-04-11 08:53:17-04,953
2026-04-11 09:39:46-04,945
2026-04-11 09:40:55-04,937
2026-04-11 14:00:40-04,929
2026-04-11 14:02:43-04,921
2026-04-11 14:08:14-04,929
2026-04-11 14:11:08-04,937
2026-04-11 14:14:07-04,928
2026-04-11 16:13:17-04,936
2026-04-11 21:35:59-04,928
2026-04-12 22:34:40-04,920
2026-04-13 15:51:41-04,920
2026-04-13 15:56:24-04,928
2026-04-13 15:59:00-04,936
2026-04-13 19:43:05-04,944
2026-04-13 19:47:16-04,952
2026-04-13 19:52:27-04,960
2026-04-13 19:55:57-04,952
2026-04-13 19:57:27-04,944
2026-04-13 20:52:23-04,952
2026-04-13 21:01:09-04,960
2026-04-13 21:02:36-04,952
2026-04-13 21:04:55-04,943
2026-04-13 21:10:38-04,951
2026-04-13 21:18:04-04,959
2026-04-13 21:21:28-04,968
2026-04-13 21:55:25-04,960
2026-04-13 21:58:51-04,968
2026-04-13 22:05:31-04,975
2026-04-13 22:10:43-04,983
2026-04-13 22:16:13-04,991
2026-04-14 16:56:34-04,999
2026-04-14 16:59:55-04,991
2026-04-14 17:03:05-04,983
2026-04-14 17:05:08-04,975
2026-04-14 17:16:40-04,983
2026-04-14 19:03:47-04,991
2026-04-14 19:08:10-04,999
2026-04-14 19:11:33-04,1007
2026-04-14 19:16:37-04,1015
2026-04-14 20:11:57-04,1007
2026-04-14 20:12:54-04,999
2026-04-14 20:13:41-04,1007
2026-04-14 20:16:11-04,999
2026-04-14 20:20:37-04,991
2026-04-14 20:23:46-04,999
2026-04-14 20:28:38-04,1007
2026-04-14 23:39:53-04,998
2026-04-14 23:40:54-04,992
2026-04-14 23:45:01-04,984
2026-04-15 10:16:25-04,1000
2026-04-15 10:21:05-04,993
2026-04-15 10:22:06-04,985
2026-04-15 10:27:55-04,993
2026-04-15 22:38:58-04,985
2026-04-15 22:44:12-04,993
2026-04-15 22:46:17-04,1001
2026-04-15 22:48:44-04,993
2026-04-15 22:52:47-04,1001
2026-04-15 22:58:56-04,1009
2026-04-16 14:32:49-04,1001
2026-04-16 16:16:51-04,993
2026-04-16 16:23:03-04,985
2026-04-16 16:24:35-04,977
2026-04-16 16:26:32-04,985
2026-04-16 16:32:03-04,993
2026-04-16 16:35:52-04,985
2026-04-16 16:40:03-04,993
2026-04-16 16:42:17-04,1001
2026-04-16 19:03:32-04,1008
2026-04-16 19:07:15-04,1016
2026-04-16 19:12:54-04,1024
2026-04-16 19:16:35-04,1016
2026-04-16 19:20:26-04,1024
2026-04-16 19:41:19-04,1016
2026-04-16 19:41:37-04,1024
2026-04-16 19:47:47-04,1024
2026-04-16 19:49:49-04,1032
2026-04-16 19:53:20-04,1024
2026-04-16 19:54:39-04,1016
2026-04-16 20:57:13-04,1008
2026-04-16 20:58:27-04,1000
2026-04-16 21:59:16-04,992
2026-04-16 23:06:41-04,984
2026-04-17 11:33:48-04,976
2026-04-17 11:37:11-04,967
2026-04-17 14:48:24-04,975
2026-04-17 14:53:11-04,967
2026-04-17 14:55:15-04,975
2026-04-17 15:00:45-04,967
2026-04-17 15:04:49-04,959
2026-04-18 00:01:53-04,966
2026-04-18 12:25:42-04,974
2026-04-18 12:29:23-04,966
2026-04-18 12:33:53-04,974
2026-04-18 12:37:34-04,966
2026-04-18 12:40:26-04,974
2026-04-18 12:46:28-04,982
2026-04-18 12:47:50-04,975
2026-04-18 15:35:32-04,983
2026-04-18 15:38:22-04,976
2026-04-18 15:42:33-04,968
2026-04-18 17:46:17-04,976
2026-04-19 22:14:32-04,968
2026-04-20 11:57:35-04,960
2026-04-20 12:01:23-04,968
2026-04-20 17:45:36-04,976
2026-04-20 18:10:07-04,969
2026-04-20 22:49:32-04,962
2026-04-20 22:51:29-04,954
2026-04-20 22:52:12-04,946
2026-04-20 22:53:42-04,954
2026-04-20 23:27:02-04,946
2026-04-21 14:33:15-04,938
2026-04-21 14:34:57-04,930
2026-04-21 14:39:20-04,922
2026-04-21 14:43:46-04,914
2026-04-21 14:48:01-04,906
2026-04-21 14:50:58-04,914
2026-04-21 14:56:17-04,922
2026-04-21 15:00:41-04,930
2026-04-21 15:06:13-04,937
2026-04-21 15:12:02-04,944
2026-04-21 22:11:15-04,936
2026-04-21 22:50:42-04,928
2026-04-21 22:54:25-04,937
2026-04-22 15:24:09-04,929
2026-04-22 15:32:22-04,921
2026-04-22 15:34:41-04,913
2026-04-22 15:36:52-04,921
2026-04-22 15:38:33-04,929
2026-04-22 15:41:41-04,921
2026-04-22 15:44:11-04,913
2026-04-22 15:50:45-04,921
2026-04-22 18:29:00-04,929
2026-04-22 18:32:39-04,921
2026-04-22 18:35:16-04,913
2026-04-22 18:57:13-04,921
2026-04-22 19:01:01-04,929
2026-04-22 19:02:13-04,936
2026-04-22 19:05:13-04,945
2026-04-22 19:10:35-04,953
2026-04-22 19:13:36-04,961
2026-04-22 19:17:03-04,954
2026-04-22 20:51:27-04,946
2026-04-22 20:52:13-04,938
2026-04-22 20:53:58-04,930
2026-04-22 23:40:45-04,938
2026-04-23 09:39:37-04,930
2026-04-23 10:36:15-04,938
2026-04-23 10:39:10-04,930
2026-04-23 10:41:13-04,939
2026-04-23 10:45:21-04,947
2026-04-23 10:49:34-04,955
2026-04-23 11:31:35-04,963
2026-04-23 11:33:23-04,955
2026-04-23 14:33:16-04,963
2026-04-23 14:41:55-04,971
2026-04-23 15:33:29-04,963
2026-04-23 15:36:59-04,955
2026-04-23 18:37:14-04,963
2026-04-23 18:42:51-04,971
2026-04-23 19:01:30-04,979
2026-04-23 19:04:42-04,987
2026-04-23 19:10:03-04,995
2026-04-23 21:01:50-04,987
2026-04-23 21:06:43-04,995
2026-04-23 21:07:53-04,1003
2026-04-23 21:12:44-04,1011
2026-04-23 21:17:46-04,1019
2026-04-23 21:47:58-04,1011
2026-04-23 22:14:51-04,1019
2026-04-23 22:19:36-04,1027
2026-04-23 22:24:55-04,1035
2026-04-23 22:30:33-04,1035
2026-04-23 22:32:08-04,1027
2026-04-24 10:25:42-04,1035
2026-04-24 11:44:13-04,1043
2026-04-24 11:50:24-04,1051
2026-04-24 11:52:31-04,1043
2026-04-24 13:36:17-04,1051
2026-04-24 13:39:48-04,1043
2026-04-24 13:42:11-04,1035
2026-04-24 13:56:43-04,1027
2026-04-24 15:46:21-04,1019
2026-04-24 15:50:43-04,1027
2026-04-24 20:07:07-04,1019
2026-04-24 21:06:19-04,1027
2026-04-24 21:12:32-04,1027
2026-04-24 21:17:07-04,1035
2026-04-24 21:23:37-04,1043
2026-04-24 21:37:31-04,1043
2026-04-25 11:19:11-04,1035
2026-04-25 11:21:36-04,1027
2026-04-25 11:26:42-04,1035
2026-04-25 11:28:58-04,1027
2026-04-25 11:31:37-04,1019
2026-04-25 20:17:22-04,1027
2026-04-25 21:56:00-04,1027
2026-04-25 22:01:40-04,1035
2026-04-25 22:04:12-04,1027
2026-04-25 22:51:00-04,1035
2026-04-25 22:56:05-04,1042
2026-04-26 10:53:28-04,1050
2026-04-26 10:57:22-04,1058
2026-04-26 10:58:01-04,1050
2026-04-26 10:59:04-04,1042
2026-04-26 10:59:56-04,1034
2026-04-26 21:13:33-04,1042
2026-04-26 22:55:17-04,1034
2026-04-26 22:56:17-04,1026
2026-04-27 00:01:13-04,1036
2026-04-27 00:04:24-04,1028
2026-04-27 17:40:04-04,1020
2026-04-27 17:44:45-04,1012
2026-04-27 17:45:53-04,1004
2026-04-27 19:19:41-04,996
2026-04-27 19:21:50-04,1004
2026-04-27 19:23:04-04,1012
2026-04-27 19:30:58-04,1012
2026-04-27 19:31:39-04,1004
2026-04-27 19:38:08-04,1013
2026-04-27 19:43:09-04,1021
2026-04-27 19:47:03-04,1012
2026-04-27 19:49:20-04,1004
2026-04-27 19:52:55-04,1011
2026-04-27 19:54:20-04,1003
2026-04-27 23:09:04-04,1011
2026-04-28 12:53:19-04,1003
2026-04-28 12:58:52-04,1011
2026-04-28 15:28:55-04,1003
2026-04-28 15:33:16-04,1011
2026-04-28 15:36:16-04,1019
2026-04-28 15:40:22-04,1028
2026-04-28 15:45:39-04,1036
2026-04-28 15:49:17-04,1035
2026-04-28 15:53:39-04,1043
2026-04-28 18:53:51-04,1035
2026-04-28 20:15:57-04,1027
2026-04-28 20:19:26-04,1019
2026-04-28 20:26:25-04,1027
2026-04-28 20:33:11-04,1035
2026-04-28 20:36:48-04,1029
2026-04-28 20:37:39-04,1022
2026-04-28 22:14:39-04,1030
2026-04-28 22:24:39-04,1038
2026-04-28 22:26:48-04,1046
2026-04-29 17:22:47-04,1037
2026-04-29 17:26:07-04,1045
2026-04-29 17:32:56-04,1045
2026-04-30 11:24:24-04,1053
2026-04-30 11:29:43-04,1061
2026-04-30 13:30:37-04,1068
2026-04-30 13:33:51-04,1060
2026-04-30 19:23:58-04,1068
2026-04-30 19:31:47-04,1076
2026-04-30 22:06:12-04,1068
2026-04-30 22:10:03-04,1076
2026-04-30 22:11:33-04,1084
2026-04-30 22:17:43-04,1092
2026-04-30 22:23:40-04,1100
2026-05-02 17:41:38-04,1092
2026-05-03 23:27:54-04,1084
2026-05-04 12:25:26-04,1091
2026-05-05 19:14:23-04,1083
2026-05-05 19:15:27-04,1075
2026-05-05 19:19:50-04,1083
2026-05-05 19:22:10-04,1075
2026-05-05 19:26:35-04,1083
2026-05-06 23:40:56-04,1091
2026-05-07 19:15:09-04,1083
2026-05-07 19:16:48-04,1091
2026-05-07 19:23:29-04,1083
2026-05-07 19:25:26-04,1075
2026-05-07 23:12:52-04,1066
2026-05-07 23:14:57-04,1058
2026-05-08 20:23:59-04,1050
2026-05-08 20:34:01-04,1058
2026-05-08 20:35:40-04,1066
2026-05-08 20:37:25-04,1058
2026-05-08 20:42:29-04,1050
2026-05-09 09:12:10-04,1042
2026-05-09 09:22:20-04,1042
2026-05-09 12:57:58-04,1050
2026-05-09 13:03:00-04,1058
2026-05-09 13:09:29-04,1067
2026-05-09 13:13:02-04,1059
2026-05-09 16:42:26-04,1051
2026-05-09 18:17:12-04,1059
2026-05-09 20:39:16-04,1066
2026-05-09 20:43:16-04,1058
2026-05-10 12:04:37-04,1050
2026-05-10 12:05:11-04,1042
2026-05-11 11:52:56-04,1050
2026-05-11 21:39:58-04,1042
2026-05-12 19:38:16-04,1050
2026-05-12 22:01:41-04,1058
2026-05-12 22:03:01-04,1050
2026-05-12 22:05:47-04,1042
2026-05-12 22:05:58-04,1034
2026-05-12 22:07:41-04,1042
2026-05-12 22:08:05-04,1050
2026-05-12 22:09:56-04,1058
2026-05-12 22:13:47-04,1049
2026-05-12 22:45:16-04,1041
2026-05-12 22:48:36-04,1034
2026-05-12 22:49:40-04,1026
2026-05-13 13:01:21-04,1034
2026-05-13 16:41:42-04,1026
2026-05-13 18:01:34-04,1018
2026-05-13 18:04:11-04,1010
2026-05-13 18:41:28-04,1002
2026-05-13 18:43:22-04,994
2026-05-13 18:46:20-04,986
2026-05-13 20:14:12-04,978
2026-05-13 20:15:17-04,970
2026-05-13 22:05:39-04,962
2026-05-14 12:08:14-04,970
2026-05-14 12:11:42-04,978
2026-05-14 12:17:01-04,986
2026-05-14 12:24:29-04,994
2026-05-14 12:30:57-04,986
2026-05-14 13:23:58-04,994
2026-05-14 13:42:16-04,1002
2026-05-14 14:52:38-04,994
2026-05-14 14:53:07-04,986
2026-05-14 15:47:17-04,978
2026-05-14 15:51:25-04,986
2026-05-14 15:53:40-04,979
2026-05-14 17:25:11-04,971
2026-05-14 21:09:23-04,979
2026-05-14 21:15:13-04,987
2026-05-14 21:15:24-04,995
2026-05-14 21:21:43-04,1003
2026-05-14 22:43:43-04,995
2026-05-14 22:48:35-04,1003
2026-05-14 22:53:42-04,1011
2026-05-14 22:59:46-04,1020
2026-05-14 23:07:51-04,1028
2026-05-15 13:31:39-04,1020
2026-05-15 15:50:12-04,1011
2026-05-15 18:39:28-04,1019
2026-05-15 19:38:27-04,1027
2026-05-15 19:42:56-04,1035
2026-05-15 21:42:01-04,1043
2026-05-16 11:09:16-04,1051
2026-05-16 11:31:04-04,1043
2026-05-16 13:37:13-04,1051
2026-05-16 13:39:49-04,1043
2026-05-16 13:58:38-04,1035
2026-05-16 16:10:09-04,1027
2026-05-16 16:11:54-04,1019
2026-05-16 19:03:07-04,1025
2026-05-16 20:44:34-04,1035
2026-05-16 22:39:24-04,1026
2026-05-16 22:45:51-04,1035
2026-05-16 22:50:00-04,1043
2026-05-16 22:52:18-04,1051
2026-05-17 12:21:26-04,1043
2026-05-17 13:27:40-04,1051
2026-05-17 14:27:20-04,1058
2026-05-17 14:33:46-04,1066
2026-05-17 22:30:33-04,1073
2026-05-17 22:38:49-04,1065
2026-05-18 09:37:19-04,1057
2026-05-18 13:19:07-04,1065
2026-05-18 13:22:32-04,1057
2026-05-18 13:55:51-04,1049
2026-05-18 15:57:40-04,1041
2026-05-18 16:03:30-04,1049
2026-05-18 16:09:59-04,1041
2026-05-18 16:15:49-04,1049
2026-05-18 18:02:49-04,1057
2026-05-18 22:21:57-04,1065
2026-05-18 23:10:37-04,1058
2026-05-18 23:11:59-04,1050
2026-05-18 23:16:38-04,1058
2026-05-18 23:20:30-04,1050
2026-05-18 23:20:39-04,1042
2026-05-18 23:22:15-04,1034
2026-05-18 23:27:51-04,1042
2026-05-18 23:30:50-04,1034
2026-05-19 16:22:15-04,1042
2026-05-19 19:55:36-04,1050
2026-05-20 12:41:28-04,1058
2026-05-20 12:49:33-04,1066
2026-05-20 15:02:47-04,1074
2026-05-20 15:04:28-04,1066
2026-05-20 15:10:16-04,1058
2026-05-20 15:14:50-04,1066
2026-05-20 16:13:19-04,1074
2026-05-20 16:16:28-04,1081
2026-05-20 18:04:37-04,1089
2026-05-20 23:08:54-04,1089
2026-05-20 23:11:21-04,1097
2026-05-20 23:14:02-04,1105
2026-05-21 09:49:45-04,1113
2026-05-21 10:20:15-04,1105
2026-05-21 10:21:03-04,1096
2026-05-21 10:26:20-04,1104
2026-05-21 10:35:41-04,1112
2026-05-21 10:37:50-04,1104
2026-05-21 17:46:06-04,1104
2026-05-21 19:16:32-04,1112
2026-05-21 19:19:42-04,1120
2026-05-21 19:24:58-04,1112
2026-05-21 19:27:33-04,1120
2026-05-21 21:01:59-04,1112
2026-05-21 23:00:17-04,1121
2026-05-21 23:05:45-04,1113
2026-05-21 23:16:02-04,1121
2026-05-21 23:20:51-04,1113
2026-05-22 13:05:10-04,1105
2026-05-22 13:32:05-04,1097
2026-05-22 13:32:49-04,1089
2026-05-22 15:30:22-04,1081
2026-05-22 15:35:09-04,1089
2026-05-22 15:41:54-04,1097
2026-05-22 19:14:30-04,1089
2026-05-22 20:15:53-04,1097
2026-05-22 20:19:17-04,1088
2026-05-22 20:20:59-04,1080
2026-05-22 20:23:39-04,1087
2026-05-22 20:25:19-04,1079
2026-05-22 22:01:57-04,1087
2026-05-22 22:21:00-04,1079
2026-05-23 11:06:11-04,1071
2026-05-23 11:44:42-04,1063
2026-05-23 11:45:15-04,1055
2026-05-23 11:48:03-04,1047
2026-05-23 15:58:06-04,1055
2026-05-23 16:01:28-04,1047
2026-05-23 16:06:27-04,1055
2026-05-23 16:25:48-04,1063
2026-05-23 17:34:53-04,1055
2026-05-23 19:51:01-04,1063
2026-05-23 19:53:47-04,1056
2026-05-23 20:20:44-04,1048
2026-05-23 20:24:25-04,1056
2026-05-23 21:55:08-04,1048
2026-05-23 21:58:56-04,1055
2026-05-23 22:00:18-04,1046
2026-05-23 22:08:38-04,1053
2026-05-23 22:25:16-04,1045
2026-05-23 23:16:30-04,1053
2026-05-23 23:20:11-04,1060
2026-05-23 23:22:42-04,1068
2026-05-23 23:24:29-04,1060
2026-05-23 23:25:41-04,1051
2026-05-23 23:27:59-04,1043
2026-05-24 17:15:55-04,1035
2026-05-24 17:20:19-04,1043
2026-05-24 17:22:05-04,1035
2026-05-24 18:22:36-04,1027
2026-05-24 18:24:58-04,1019
2026-05-24 23:14:18-04,1027
2026-05-24 23:27:41-04,1019
2026-05-25 10:18:32-04,1027
2026-05-25 16:55:17-04,1036
2026-05-25 19:03:16-04,1027
2026-05-25 19:09:44-04,1035
2026-05-25 19:26:55-04,1027
2026-05-25 21:56:18-04,1035
2026-05-26 11:38:39-04,1027
2026-05-26 11:40:03-04,1019
2026-05-26 11:45:58-04,1027
2026-05-26 11:50:05-04,1019
2026-05-26 11:56:22-04,1027
2026-05-26 12:12:05-04,1035
2026-05-26 14:56:14-04,1043
2026-05-26 14:59:20-04,1051
2026-05-26 15:02:47-04,1059
2026-05-26 15:05:37-04,1067
2026-05-26 15:09:03-04,1059
2026-05-26 18:49:04-04,1067
2026-05-26 18:54:07-04,1059
2026-05-26 18:57:40-04,1051
2026-05-26 18:59:51-04,1043
2026-05-26 19:02:35-04,1053
2026-05-26 19:07:13-04,1045
2026-05-26 19:11:29-04,1053
2026-05-26 19:16:54-04,1061
2026-05-26 19:22:23-04,1068
2026-05-26 19:28:02-04,1075
2026-05-26 19:29:05-04,1068
2026-05-26 20:34:40-04,1060
2026-05-26 20:36:14-04,1052
2026-05-26 20:37:41-04,1044
2026-05-26 20:43:06-04,1036
2026-05-26 20:45:41-04,1028
2026-05-26 22:38:33-04,1020
2026-05-26 22:43:25-04,1028
2026-05-26 22:45:32-04,1020
2026-05-26 22:49:41-04,1012
2026-05-26 23:12:22-04,1004
2026-05-26 23:17:27-04,997
2026-05-27 00:08:08-04,1005
2026-05-27 11:04:21-04,1013
2026-05-27 12:18:20-04,1005
2026-05-27 12:26:44-04,1013
2026-05-27 12:28:18-04,1013
2026-05-27 12:33:44-04,1013
2026-05-27 12:39:35-04,1021
2026-05-27 12:44:10-04,1013
2026-05-27 12:50:12-04,1020
2026-05-27 13:26:11-04,1012
2026-05-27 13:30:58-04,1004
2026-05-27 13:33:57-04,996
2026-05-27 13:36:46-04,988
2026-05-27 13:38:08-04,996
2026-05-27 13:41:40-04,1004
2026-05-27 13:41:56-04,1012
2026-05-27 13:45:34-04,1020
2026-05-27 13:48:28-04,1012
2026-05-27 13:53:43-04,1020
2026-05-27 13:54:33-04,1028
2026-05-27 13:58:23-04,1036
2026-05-27 17:13:44-04,1043
2026-05-27 17:18:49-04,1050
2026-05-27 17:20:35-04,1042
2026-05-27 17:23:43-04,1043
2026-05-27 17:30:05-04,1035
2026-05-27 17:33:30-04,1044
2026-05-27 19:14:11-04,1036
2026-05-27 19:17:43-04,1028
2026-05-27 19:25:12-04,1036
2026-05-27 19:34:39-04,1027
2026-05-27 19:39:42-04,1035
2026-05-27 19:43:54-04,1027
2026-05-28 10:16:05-04,1019
2026-05-28 10:21:34-04,1027
2026-05-28 10:23:46-04,1019
2026-05-28 10:29:13-04,1027
2026-05-28 10:34:05-04,1035
2026-05-28 10:39:17-04,1043
2026-05-28 11:16:54-04,1051
2026-05-28 11:19:52-04,1059
2026-05-28 11:25:32-04,1066
2026-05-28 11:29:09-04,1074
2026-05-28 17:24:39-04,1066
2026-05-28 17:27:03-04,1074
2026-05-28 17:32:59-04,1081
2026-05-28 17:36:25-04,1089
2026-05-28 17:41:35-04,1097
2026-05-28 17:48:58-04,1088
2026-05-28 17:52:56-04,1096
2026-05-28 17:59:55-04,1088
2026-05-28 18:05:16-04,1097
2026-05-28 18:07:11-04,1089
2026-05-28 22:48:03-04,1097
2026-05-28 22:51:00-04,1105
2026-05-28 22:57:01-04,1113
2026-05-28 23:00:34-04,1122
2026-05-28 23:03:14-04,1130
2026-05-28 23:18:10-04,1122
2026-05-28 23:30:57-04,1130
2026-05-28 23:36:52-04,1138
2026-05-29 06:54:37-04,1130
2026-05-29 06:58:11-04,1122
2026-05-29 07:01:37-04,1130
2026-05-29 07:02:50-04,1122
2026-05-29 07:05:35-04,1114
2026-05-29 07:06:14-04,1106
2026-05-29 07:11:00-04,1106
2026-05-29 07:16:05-04,1115
2026-05-29 07:22:44-04,1107
2026-05-29 07:25:36-04,1099
2026-05-29 07:26:53-04,1091
2026-05-29 08:00:16-04,1091
2026-05-29 08:21:37-04,1099
2026-05-29 08:25:22-04,1091
2026-05-29 08:26:02-04,1083
2026-05-29 08:47:12-04,1091
2026-05-29 08:53:12-04,1091
2026-05-29 09:04:08-04,1083
2026-05-29 09:13:22-04,1075
2026-05-29 11:12:55-04,1067
2026-05-29 11:13:49-04,1059
2026-05-29 11:19:37-04,1067
2026-05-29 11:21:24-04,1059
2026-05-29 11:21:42-04,1052
2026-05-29 12:33:24-04,1044
2026-05-29 16:29:04-04,1036
2026-05-29 16:55:02-04,1036
2026-05-29 17:10:58-04,1028
2026-05-29 18:31:24-04,1037
2026-05-29 18:37:08-04,1046
2026-05-29 18:41:22-04,1055
2026-05-29 18:46:29-04,1063
2026-05-29 20:15:20-04,1055
2026-05-29 20:21:43-04,1063
2026-05-29 20:23:04-04,1054
2026-05-29 20:28:22-04,1062
2026-05-29 20:34:36-04,1070
2026-05-29 20:37:02-04,1061
2026-05-29 20:43:45-04,1053
2026-05-29 20:51:51-04,1045
2026-05-29 21:31:52-04,1037
2026-05-29 21:42:20-04,1029
2026-05-29 21:46:30-04,1037
2026-05-29 21:53:52-04,1029
2026-05-30 09:37:22-04,1021
2026-05-30 10:13:55-04,1029
2026-05-30 15:08:36-04,1037
2026-05-30 15:13:29-04,1045
2026-05-30 15:15:42-04,1053
2026-05-30 15:19:12-04,1045
2026-05-30 15:25:32-04,1037
2026-05-30 15:28:38-04,1045
2026-05-30 15:34:04-04,1053
2026-05-30 19:55:38-04,1061
2026-05-30 21:22:29-04,1052
2026-05-30 23:23:46-04,1060
2026-05-30 23:40:45-04,1068
2026-05-30 23:41:59-04,1060
2026-05-30 23:46:13-04,1068
2026-05-30 23:49:00-04,1077
2026-05-30 23:53:45-04,1085
2026-05-31 10:27:48-04,1093
2026-05-31 10:34:09-04,1101
2026-05-31 10:35:07-04,1093
2026-05-31 10:41:03-04,1101
2026-05-31 15:24:35-04,1093
2026-05-31 15:25:21-04,1085
2026-05-31 15:28:27-04,1093
2026-05-31 15:32:03-04,1093
2026-05-31 15:35:38-04,1085
2026-05-31 15:39:05-04,1077
2026-05-31 15:47:09-04,1085
2026-05-31 15:49:58-04,1078
2026-05-31 15:50:56-04,1086
2026-05-31 15:54:59-04,1077
2026-05-31 15:57:13-04,1085
2026-05-31 17:02:28-04,1093
2026-05-31 17:08:19-04,1101
2026-05-31 17:13:43-04,1109
2026-05-31 17:16:14-04,1101
2026-05-31 17:39:19-04,1109
2026-05-31 17:44:55-04,1117
2026-05-31 17:46:32-04,1125
2026-05-31 17:49:43-04,1133
2026-05-31 17:54:13-04,1125
2026-05-31 22:19:29-04,1117
2026-05-31 22:25:42-04,1125
2026-05-31 22:29:08-04,1117
2026-05-31 22:33:25-04,1108
2026-06-01 12:42:19-04,1100
2026-06-01 12:45:17-04,1092
2026-06-01 12:49:15-04,1100
2026-06-01 12:55:48-04,1108
2026-06-01 12:58:05-04,1116
2026-06-01 13:04:49-04,1124
2026-06-01 23:40:48-04,1133
2026-06-02 05:50:02-04,1125
2026-06-02 05:52:51-04,1132
2026-06-02 05:56:17-04,1141
2026-06-02 05:59:46-04,1132
2026-06-02 06:00:30-04,1124
2026-06-02 07:30:32-04,1116
2026-06-02 07:33:16-04,1108
2026-06-02 08:29:18-04,1100
2026-06-02 08:55:07-04,1109
2026-06-02 12:32:42-04,1116
2026-06-02 12:45:54-04,1108
2026-06-02 16:11:20-04,1100
2026-06-02 16:42:36-04,1108
2026-06-02 16:45:09-04,1116
2026-06-02 16:53:14-04,1108
2026-06-02 17:05:30-04,1100
2026-06-02 17:11:58-04,1091
2026-06-02 19:56:18-04,1082
2026-06-02 21:40:18-04,1073
2026-06-02 21:41:43-04,1066
2026-06-03 11:38:56-04,1074
2026-06-03 11:41:14-04,1066
2026-06-03 13:04:03-04,1058
2026-06-03 13:06:23-04,1050
2026-06-03 13:22:51-04,1058
2026-06-03 18:27:14-04,1050
2026-06-03 18:34:18-04,1058
2026-06-03 18:37:08-04,1050
2026-06-03 19:31:20-04,1058
2026-06-03 19:39:45-04,1066
2026-06-03 19:52:16-04,1075
2026-06-03 19:56:05-04,1083
2026-06-04 09:37:18-04,1076
2026-06-04 12:06:06-04,1068
2026-06-04 12:10:04-04,1061
2026-06-04 12:12:32-04,1053
2026-06-04 12:18:15-04,1061
2026-06-04 12:55:45-04,1053
2026-06-04 12:56:08-04,1045
2026-06-04 14:21:58-04,1037
2026-06-04 18:57:24-04,1045
2026-06-04 19:05:51-04,1045
2026-06-05 16:29:15-04,1053
2026-06-05 16:36:23-04,1046
2026-06-05 16:45:20-04,1054
2026-06-05 21:37:19-04,1054
2026-06-05 21:41:48-04,1046
2026-06-05 23:08:07-04,1038
2026-06-05 23:11:21-04,1030
2026-06-05 23:19:39-04,1038
2026-06-06 12:10:15-04,1030
2026-06-06 12:12:03-04,1038
2026-06-06 12:15:54-04,1046
2026-06-06 14:21:22-04,1054
2026-06-06 14:24:52-04,1046
2026-06-06 17:46:51-04,1038
2026-06-06 17:50:07-04,1030
2026-06-06 21:02:08-04,1022
2026-06-06 21:35:58-04,1014
2026-06-06 21:39:01-04,1007
2026-06-06 21:47:44-04,999
2026-06-07 13:27:43-04,1007
2026-06-07 16:06:10-04,999
2026-06-07 16:13:33-04,1007
2026-06-07 17:34:12-04,998
2026-06-07 17:41:37-04,1006
2026-06-07 17:44:12-04,998
2026-06-07 17:54:24-04,990
2026-06-07 22:35:22-04,998
2026-06-07 23:08:12-04,998
2026-06-08 10:05:43-04,998
2026-06-08 10:11:57-04,1006
2026-06-08 10:17:14-04,998
2026-06-08 11:01:34-04,1006
2026-06-08 11:03:13-04,998
2026-06-08 12:21:57-04,991
2026-06-08 16:35:17-04,999
2026-06-08 16:39:40-04,1007
2026-06-08 18:08:49-04,999
2026-06-08 18:12:59-04,1007
2026-06-08 18:17:36-04,1015
2026-06-08 18:22:25-04,1023
2026-06-08 18:29:03-04,1031
2026-06-08 18:30:17-04,1024
2026-06-08 18:32:06-04,1016
2026-06-08 18:39:00-04,1024
2026-06-08 18:55:48-04,1032
2026-06-08 20:19:57-04,1024
2026-06-08 20:24:21-04,1016
2026-06-08 20:27:43-04,1008
2026-06-08 22:14:05-04,1000
2026-06-08 22:17:30-04,1008
2026-06-08 22:19:20-04,1016
2026-06-08 22:25:06-04,1024
2026-06-08 22:30:02-04,1016
2026-06-08 22:31:23-04,1008
2026-06-08 22:33:37-04,1000
2026-06-08 22:58:42-04,992
2026-06-08 23:00:11-04,984
2026-06-08 23:04:42-04,976
2026-06-09 10:14:19-04,968
2026-06-09 10:16:32-04,976
2026-06-09 10:23:07-04,984
2026-06-09 10:33:01-04,975
2026-06-09 19:09:45-04,983
2026-06-09 19:10:33-04,975
2026-06-09 19:11:50-04,984
2026-06-09 19:15:58-04,976
2026-06-09 19:19:07-04,968
2026-06-09 19:26:00-04,960
2026-06-09 23:21:41-04,968
2026-06-09 23:25:08-04,976
2026-06-09 23:34:46-04,968
2026-06-09 23:54:26-04,976
2026-06-09 23:57:09-04,968
2026-06-10 14:45:01-04,976
2026-06-10 21:40:54-04,984
2026-06-10 21:42:54-04,976
2026-06-10 21:47:32-04,984
2026-06-10 21:51:04-04,976
2026-06-10 21:56:04-04,984
2026-06-10 21:59:31-04,991
2026-06-10 22:01:22-04,983
2026-06-10 22:04:07-04,991
2026-06-10 22:07:52-04,999
2026-06-10 22:12:16-04,1007
2026-06-10 22:17:46-04,1015
2026-06-10 22:21:02-04,1007
2026-06-10 22:25:00-04,998
2026-06-11 12:27:07-04,1006
2026-06-11 12:32:46-04,998
2026-06-11 12:33:58-04,990
2026-06-11 12:37:36-04,998
2026-06-11 12:40:29-04,990
2026-06-11 12:45:28-04,999
2026-06-11 12:47:08-04,991
2026-06-11 12:53:26-04,999
2026-06-11 12:59:59-04,1007
2026-06-11 16:48:32-04,1015
2026-06-11 16:50:30-04,1007
2026-06-11 18:47:30-04,1015
2026-06-11 18:53:56-04,1023
2026-06-12 15:00:34-04,1031
2026-06-12 15:08:38-04,1040
2026-06-12 18:50:08-04,1032
2026-06-12 18:55:35-04,1040
2026-06-12 23:12:31-04,1032
2026-06-12 23:17:31-04,1024
2026-06-12 23:23:01-04,1032
2026-06-12 23:29:10-04,1032
2026-06-12 23:32:50-04,1040
2026-06-12 23:35:29-04,1048
2026-06-12 23:43:04-04,1056
2026-06-13 12:16:14-04,1048
2026-06-13 12:38:33-04,1040
2026-06-13 12:42:43-04,1048
2026-06-13 12:47:54-04,1056
2026-06-13 13:26:22-04,1048
2026-06-13 13:32:11-04,1040
2026-06-13 16:38:17-04,1048
2026-06-13 16:40:36-04,1056
2026-06-13 16:42:27-04,1047
2026-06-13 16:44:04-04,1039
2026-06-13 17:31:44-04,1031
2026-06-13 18:32:04-04,1023
2026-06-13 18:33:05-04,1031
2026-06-13 18:46:52-04,1023
2026-06-13 22:19:39-04,1023
2026-06-13 22:23:29-04,1015
2026-06-13 22:50:27-04,1023
2026-06-13 22:58:40-04,1031
2026-06-13 23:50:13-04,1039
2026-06-14 00:13:42-04,1031
2026-06-14 00:15:02-04,1024
2026-06-14 00:21:37-04,1016
2026-06-14 00:56:09-04,1024
2026-06-14 01:00:36-04,1016
2026-06-14 09:18:18-04,1008
2026-06-14 09:22:33-04,1000
2026-06-14 10:43:59-04,992
2026-06-14 10:48:59-04,1000
2026-06-14 10:52:30-04,1008
2026-06-14 10:53:36-04,1000
2026-06-14 12:42:00-04,1008
2026-06-14 12:48:01-04,1000
2026-06-14 19:14:24-04,1008
2026-06-14 19:16:51-04,1000
2026-06-14 19:19:46-04,1008
2026-06-14 19:23:29-04,1016
2026-06-14 19:26:20-04,1008
2026-06-14 21:04:33-04,1015
2026-06-15 17:43:18-04,1007
2026-06-16 07:34:17-04,1015
2026-06-16 09:24:24-04,1023
2026-06-16 09:29:15-04,1031
2026-06-16 09:30:38-04,1039
2026-06-16 09:31:04-04,1031
2026-06-16 09:35:53-04,1040
2026-06-16 10:08:50-04,1031
2026-06-16 10:10:05-04,1039
2026-06-16 19:40:20-04,1047
2026-06-16 19:45:11-04,1056
2026-06-16 19:47:13-04,1048
2026-06-16 19:49:22-04,1041
2026-06-16 19:55:28-04,1049
2026-06-16 19:58:41-04,1056
2026-06-16 20:04:55-04,1065
2026-06-16 21:15:57-04,1073
2026-06-17 11:58:19-04,1081
2026-06-17 12:01:32-04,1089
2026-06-17 12:06:24-04,1097
2026-06-17 21:58:06-04,1105
2026-06-17 22:00:20-04,1097
2026-06-17 22:04:08-04,1105
2026-06-18 14:42:38-04,1097
2026-06-18 14:45:56-04,1090
2026-06-18 21:32:38-04,1082
2026-06-18 21:38:33-04,1090
2026-06-19 16:28:46-04,1099
2026-06-19 23:01:43-04,1099
2026-06-20 15:10:06-04,1092
2026-06-20 15:15:32-04,1100
2026-06-20 18:01:52-04,1108
2026-06-20 18:07:08-04,1116
2026-06-20 22:56:25-04,1124
2026-06-20 23:00:37-04,1132
2026-06-20 23:05:50-04,1140
2026-06-20 23:20:09-04,1132
2026-06-20 23:26:11-04,1124
2026-06-21 15:47:48-04,1116
2026-06-21 15:53:37-04,1116
2026-06-21 15:55:45-04,1108
2026-06-21 17:19:30-04,1116
2026-06-21 17:20:34-04,1108
2026-06-21 17:24:40-04,1100
2026-06-21 17:28:49-04,1092
2026-06-21 17:29:15-04,1085
2026-06-21 17:31:41-04,1093
2026-06-21 17:35:40-04,1102
2026-06-21 18:29:32-04,1111
2026-06-21 18:31:40-04,1103
2026-06-21 18:33:45-04,1095
2026-06-21 21:45:51-04,1103
2026-06-21 21:48:32-04,1111
2026-06-21 21:55:28-04,1119
2026-06-21 21:56:52-04,1126
2026-06-21 21:59:03-04,1133
2026-06-21 22:03:13-04,1125
2026-06-21 22:04:44-04,1117
2026-06-21 22:07:02-04,1109
2026-06-22 16:32:54-04,1101
2026-06-22 16:34:57-04,1093
2026-06-22 16:37:56-04,1085
2026-06-22 18:48:21-04,1077
2026-06-22 18:56:30-04,1069
2026-06-22 18:59:59-04,1077
2026-06-22 19:05:04-04,1069
2026-06-22 19:10:16-04,1069
2026-06-22 21:31:08-04,1061
2026-06-22 21:35:42-04,1053
2026-06-22 21:39:36-04,1045
2026-06-22 21:40:40-04,1037
2026-06-22 21:43:11-04,1045
2026-06-22 21:46:45-04,1037
2026-06-23 13:09:54-04,1045
2026-06-23 13:12:52-04,1053
2026-06-23 13:16:35-04,1062
2026-06-23 13:20:26-04,1070
2026-06-23 13:24:43-04,1062
2026-06-23 13:29:53-04,1054
2026-06-23 20:59:18-04,1062
2026-06-23 21:00:45-04,1054
2026-06-23 21:06:53-04,1062
2026-06-23 21:09:48-04,1070
2026-06-23 21:12:56-04,1062
2026-06-23 21:13:40-04,1054
2026-06-23 21:15:36-04,1062
2026-06-23 21:21:06-04,1070
2026-06-23 21:23:48-04,1062
2026-06-23 21:57:33-04,1053
2026-06-23 21:59:50-04,1045
2026-06-23 22:02:22-04,1037
2026-06-24 10:34:01-04,1045
2026-06-24 10:39:37-04,1037
2026-06-24 10:42:19-04,1045
2026-06-24 10:47:27-04,1037
2026-06-24 10:50:43-04,1029
2026-06-24 10:57:11-04,1029
2026-06-24 11:00:34-04,1037
2026-06-24 11:06:11-04,1045
2026-06-24 13:17:44-04,1053
2026-06-24 13:22:15-04,1045
2026-06-24 13:28:20-04,1053
2026-06-24 13:31:44-04,1061
2026-06-24 13:35:41-04,1069
2026-06-24 13:38:05-04,1069
2026-06-24 13:42:46-04,1061
2026-06-24 16:41:54-04,1069
2026-06-24 16:44:22-04,1060
2026-06-24 16:49:29-04,1068
2026-06-24 16:51:16-04,1060
2026-06-24 16:52:08-04,1052
2026-06-24 19:37:09-04,1044
2026-06-24 19:42:20-04,1053
2026-06-24 22:21:24-04,1053
2026-06-25 11:01:41-04,1045
2026-06-25 11:07:14-04,1053
2026-06-25 11:10:08-04,1045
2026-06-25 11:14:11-04,1037
2026-06-25 11:15:35-04,1029
2026-06-25 11:21:00-04,1021
2026-06-25 11:22:18-04,1013
2026-06-25 11:25:46-04,1005
2026-06-25 13:26:02-04,1013
2026-06-25 13:31:09-04,1005
2026-06-25 13:35:04-04,997
2026-06-25 13:45:27-04,989
2026-06-25 13:54:50-04,981
2026-06-25 13:57:09-04,973
2026-06-25 15:45:37-04,981
2026-06-25 15:48:09-04,973
2026-06-25 15:53:11-04,981
2026-06-25 15:57:03-04,972
2026-06-26 08:46:34-04,965
2026-06-26 08:52:39-04,957
2026-06-26 08:54:24-04,949
2026-06-26 08:55:49-04,941
2026-06-26 09:01:20-04,949
2026-06-26 09:02:27-04,941
2026-06-26 09:07:08-04,933
2026-06-26 09:59:36-04,925
2026-06-26 10:03:36-04,933
2026-06-26 10:05:59-04,941
2026-06-26 10:11:25-04,933
2026-06-26 10:15:16-04,941
2026-06-26 10:20:58-04,949
2026-06-26 10:24:48-04,941
2026-06-26 11:22:24-04,949
2026-06-26 11:25:56-04,941
2026-06-26 11:30:42-04,950
2026-06-26 11:33:29-04,958
2026-06-26 11:38:54-04,958
2026-06-26 14:14:18-04,950
2026-06-26 14:18:59-04,958
2026-06-26 14:24:03-04,966
2026-06-26 14:27:56-04,958
2026-06-26 14:31:00-04,966
2026-06-26 14:32:04-04,958
2026-06-26 14:38:14-04,966
2026-06-26 15:30:35-04,958
2026-06-26 20:30:24-04,966
2026-06-26 21:07:19-04,975
2026-06-26 21:14:12-04,967
2026-06-26 21:17:08-04,959
2026-06-26 21:18:20-04,967
2026-06-26 21:23:55-04,975
2026-06-26 22:36:32-04,983
2026-06-26 22:42:51-04,991
2026-06-26 22:48:17-04,982
2026-06-26 22:54:03-04,990
2026-06-27 11:11:22-04,989
2026-06-27 11:13:47-04,981
2026-06-27 11:16:28-04,989
2026-06-27 11:21:01-04,980
2026-06-27 11:22:15-04,988
2026-06-27 11:41:50-04,996
2026-06-27 11:56:41-04,996
2026-06-27 12:09:48-04,988
2026-06-27 12:16:58-04,996
2026-06-27 12:31:36-04,1004
2026-06-27 12:35:18-04,1012
2026-06-27 12:36:16-04,1019
2026-06-27 12:39:45-04,1026
2026-06-27 12:56:19-04,1018
2026-06-27 13:51:38-04,1026
2026-06-27 13:53:13-04,1033
2026-06-27 13:58:24-04,1041
2026-06-27 14:02:43-04,1033
2026-06-27 14:05:25-04,1024
2026-06-27 16:41:32-04,1032
2026-06-27 16:42:57-04,1024
2026-06-27 16:45:54-04,1016
2026-06-27 16:51:11-04,1024
2026-06-27 17:44:46-04,1017
2026-06-27 17:45:14-04,1009
2026-06-27 19:55:22-04,1001
2026-06-27 19:58:37-04,993
2026-06-27 20:03:42-04,1001
2026-06-27 20:08:56-04,993
2026-06-27 20:16:03-04,1001
2026-06-27 20:20:44-04,1009
2026-06-27 20:22:48-04,1017
2026-06-27 20:25:29-04,1009
2026-06-27 20:32:00-04,1017
2026-06-27 20:36:48-04,1009
2026-06-27 20:39:11-04,1001
2026-06-27 20:42:46-04,1009
2026-06-27 20:45:58-04,1017
2026-06-27 20:51:27-04,1024
2026-06-27 20:52:48-04,1031
2026-06-27 20:57:11-04,1022
2026-06-27 21:02:12-04,1031
2026-06-27 21:07:44-04,1023
2026-06-27 21:11:46-04,1031
2026-06-28 12:21:42-04,1039
2026-06-28 12:27:30-04,1047
2026-06-28 12:37:47-04,1039
2026-06-28 13:56:48-04,1031
2026-06-28 14:02:54-04,1039
2026-06-28 14:17:26-04,1032
2026-06-28 14:45:32-04,1040
2026-06-28 15:01:04-04,1048
2026-06-28 19:52:44-04,1056
2026-06-28 21:59:40-04,1064
2026-06-29 13:50:09-04,1056
2026-06-29 13:54:13-04,1064
2026-06-29 13:56:08-04,1056
2026-06-29 13:58:45-04,1048
2026-06-29 15:30:41-04,1040
2026-06-29 15:32:35-04,1032
2026-06-29 15:39:02-04,1040
2026-06-29 15:45:23-04,1032
2026-06-29 16:18:16-04,1024
2026-06-29 16:20:07-04,1031
2026-06-29 16:26:09-04,1022
2026-06-29 16:31:20-04,1030
2026-06-29 19:32:14-04,1037
2026-06-29 19:52:13-04,1045
2026-06-29 19:55:00-04,1037
2026-06-29 21:55:53-04,1029
2026-06-29 21:58:26-04,1021
2026-06-29 22:00:59-04,1013
2026-06-29 22:06:53-04,1022
2026-06-29 22:08:40-04,1014
2026-06-29 22:18:40-04,1006
2026-06-29 22:56:19-04,999
2026-06-30 09:50:51-04,1007
2026-06-30 09:54:59-04,1015
2026-06-30 09:59:38-04,1007
2026-06-30 13:11:07-04,1015
2026-06-30 13:13:16-04,1008
2026-06-30 13:16:56-04,1000
2026-06-30 13:21:00-04,993
2026-06-30 13:29:15-04,1000
2026-06-30 13:54:37-04,992
2026-06-30 13:56:27-04,984
2026-06-30 14:04:35-04,992
2026-06-30 14:06:16-04,1000
2026-06-30 15:42:04-04,1008
2026-06-30 15:54:34-04,1016
2026-06-30 15:55:38-04,1008
2026-06-30 15:57:55-04,1016
2026-06-30 16:01:13-04,1008
2026-06-30 16:23:05-04,1017
2026-06-30 16:26:52-04,1009
2026-06-30 18:01:12-04,1001
2026-06-30 18:08:07-04,1009
2026-06-30 18:58:42-04,1001
2026-06-30 19:04:18-04,1001
2026-06-30 19:05:49-04,993
2026-06-30 19:56:35-04,1001
2026-06-30 20:02:01-04,1008
2026-06-30 20:05:31-04,1000
2026-06-30 22:10:03-04,1008
2026-06-30 22:34:36-04,1000
2026-06-30 22:39:52-04,1008
2026-07-01 07:56:36-04,1015
2026-07-01 10:47:19-04,1022
2026-07-01 14:42:48-04,1030
2026-07-01 14:51:21-04,1038
2026-07-01 14:57:04-04,1046
2026-07-01 15:04:25-04,1054
2026-07-01 15:07:45-04,1046
2026-07-01 15:09:37-04,1054
2026-07-01 15:10:27-04,1062
2026-07-01 15:15:45-04,1070
2026-07-01 16:07:23-04,1062
2026-07-01 16:09:05-04,1054
2026-07-01 16:12:29-04,1046
2026-07-01 20:12:39-04,1054
2026-07-01 20:52:47-04,1046
2026-07-01 20:58:47-04,1054
2026-07-01 21:01:54-04,1062
2026-07-01 21:05:29-04,1070
2026-07-01 21:12:02-04,1078
2026-07-02 11:06:29-04,1070
2026-07-02 11:08:53-04,1062
2026-07-02 11:13:33-04,1054
2026-07-02 18:24:39-04,1062
2026-07-02 18:27:32-04,1071
2026-07-02 18:29:15-04,1079
2026-07-02 20:10:02-04,1087
2026-07-05 14:01:48-04,1095
2026-07-05 14:06:31-04,1087
2026-07-05 14:09:21-04,1095
2026-07-05 14:16:10-04,1103
2026-07-05 14:24:37-04,1111
2026-07-05 22:37:52-04,1119
2026-07-05 22:51:27-04,1128
2026-07-06 08:53:09-04,1120
2026-07-06 08:59:20-04,1128
2026-07-06 09:05:59-04,1136
2026-07-06 09:24:28-04,1145
2026-07-06 18:44:25-04,1154
2026-07-06 18:45:49-04,1163
2026-07-06 18:57:40-04,1155
2026-07-06 22:36:21-04,1163
2026-07-06 22:41:03-04,1155
2026-07-06 22:43:30-04,1148
2026-07-06 22:50:30-04,1140
2026-07-07 11:39:05-04,1148
2026-07-07 11:43:40-04,1156
2026-07-07 11:47:34-04,1163
2026-07-07 11:56:49-04,1155
2026-07-07 12:05:33-04,1163
2026-07-07 18:37:24-04,1171
2026-07-07 18:43:09-04,1181
2026-07-07 18:48:18-04,1189
2026-07-08 14:46:27-04,1181
2026-07-08 14:48:44-04,1173
2026-07-08 14:52:18-04,1166
2026-07-08 14:54:25-04,1158
2026-07-09 11:15:31-04,1150
2026-07-09 16:15:16-04,1158
2026-07-09 16:25:58-04,1166
2026-07-09 16:27:10-04,1159
2026-07-09 16:33:57-04,1167
2026-07-09 18:13:42-04,1159
2026-07-09 18:15:55-04,1152
2026-07-09 18:20:20-04,1144
2026-07-09 20:41:00-04,1136
2026-07-09 20:43:34-04,1127
2026-07-09 20:56:18-04,1135
2026-07-09 20:58:52-04,1127
2026-07-09 21:00:03-04,1119
2026-07-10 08:50:14-04,1111
2026-07-10 16:48:55-04,1119
2026-07-10 19:47:40-04,1127
2026-07-10 20:07:38-04,1119
2026-07-10 20:31:03-04,1111
2026-07-12 10:35:48-04,1103
2026-07-12 10:42:48-04,1111
2026-07-15 08:07:54-04,1119
2026-07-15 10:26:00-04,1111
2026-07-15 10:32:21-04,1119
2026-07-15 18:23:57-04,1111
2026-07-15 20:46:32-04,1119
2026-07-15 20:50:12-04,1127
2026-07-15 20:52:46-04,1120
2026-07-15 20:59:04-04,1112
2026-07-16 09:41:34-04,1104
2026-07-16 09:50:27-04,1112
2026-07-16 10:17:36-04,1120
2026-07-16 21:51:46-04,1112
2026-07-17 17:14:31-04,1120
2026-07-17 18:18:57-04,1112
2026-07-18 20:21:16-04,1121
2026-07-18 20:51:24-04,1129
2026-07-18 22:01:23-04,1121
2026-07-18 22:26:51-04,1113
2026-07-18 22:27:49-04,1121
2026-07-19 10:53:58-04,1113
2026-07-19 16:20:05-04,1121
2026-07-19 16:27:04-04,1113
2026-07-19 16:59:24-04,1106
2026-07-19 17:19:20-04,1098
2026-07-19 17:40:15-04,1092
2026-07-19 20:33:50-04,1100
2026-07-20 20:55:50-04,1108
2026-07-20 20:58:17-04,1100
2026-07-20 21:07:38-04,1108
2026-07-20 21:12:09-04,1116
2026-07-21 19:21:38-04,1124
2026-07-21 19:43:56-04,1132
2026-07-21 19:50:23-04,1139
2026-07-21 19:58:10-04,1147
2026-07-22 09:58:47-04,1139
2026-07-22 20:28:58-04,1147
2026-07-22 21:36:46-04,1139
2026-07-23 09:14:39-04,1147
2026-07-23 09:20:49-04,1139
2026-07-23 19:34:49-04,1146
2026-07-23 19:37:21-04,1154
2026-07-23 20:24:41-04,1162
2026-07-23 20:26:11-04,1170
2026-07-23 20:30:47-04,1178
2026-07-23 21:54:35-04,1185
2026-07-23 21:58:29-04,1177
2026-07-25 13:51:31-04,1185
2026-07-25 13:55:39-04,1177
2026-07-25 13:57:03-04,1169
2026-07-25 14:02:38-04,1177
2026-07-25 14:06:38-04,1185
2026-07-25 17:28:26-04,1177
2026-07-25 18:15:45-04,1168
2026-07-25 21:29:31-04,1177
2026-07-25 21:32:21-04,1185
2026-07-25 21:35:53-04,1193
2026-07-26 10:00:07-04,1185
2026-07-26 10:04:25-04,1177
2026-07-26 10:08:46-04,1185
2026-07-26 10:12:42-04,1193
2026-07-26 10:15:15-04,1201
2026-07-26 10:20:31-04,1209
2026-07-26 10:24:44-04,1201
2026-07-26 10:32:19-04,1193
2026-07-26 12:07:19-04,1185
2026-07-26 12:11:28-04,1177
2026-07-26 13:29:03-04,1169
2026-07-26 13:39:03-04,1177
2026-07-26 19:00:37-04,1183
2026-07-26 19:08:56-04,1175
2026-07-26 19:32:06-04,1167
2026-07-26 19:57:44-04,1175
2026-07-26 20:39:46-04,1183
2026-07-26 20:49:22-04,1175
2026-07-26 21:35:50-04,1183
2026-07-26 21:41:29-04,1191
2026-07-26 22:14:08-04,1183
2026-07-26 22:14:45-04,1176
2026-07-27 18:28:09-04,1168
2026-07-27 21:40:11-04,1160
2026-07-27 21:42:45-04,1152
2026-07-29 18:13:02-04,1160
2026-07-29 18:17:08-04,1168
2026-07-29 20:58:00-04,1174
2026-07-29 21:02:12-04,1182
2026-07-29 21:03:03-04,1190
2026-07-29 21:03:48-04,1182
2026-07-29 21:07:45-04,1189
2026-07-29 21:13:52-04,1197
2026-07-30 08:13:55-04,1190
2026-07-30 08:17:08-04,1182
2026-07-30 08:22:56-04,1190
2026-07-31 15:03:50-04,1198
2026-07-31 15:08:37-04,1206
2026-07-31 15:14:58-04,1198
2026-07-31 16:50:20-04,1206
2026-07-31 16:53:55-04,1198
2026-07-31 17:32:57-04,1189
2026-07-31 20:41:48-04,1197
2026-07-31 20:44:57-04,1205
2026-07-31 20:46:37-04,1197
2026-07-31 20:46:56-04,1205
2026-07-31 20:50:18-04,1197
2026-07-31 20:55:41-04,1189
2026-07-31 22:25:25-04,1197
2026-08-01 14:03:02-04,1205
2026-08-01 14:06:54-04,1197
2026-08-01 14:10:42-04,1190
2026-08-01 14:12:08-04,1182
2026-08-01 14:13:42-04,1174
2026-08-01 14:46:38-04,1166
2026-08-01 14:48:42-04,1158
2026-08-01 19:35:56-04,1150
2026-08-01 19:39:22-04,1142
2026-08-01 21:17:22-04,1151
2026-08-01 21:21:55-04,1143
2026-08-01 21:28:15-04,1151
2026-08-01 21:29:09-04,1143
2026-08-02 12:53:46-04,1150
2026-08-02 15:17:02-04,1158
2026-08-02 15:20:52-04,1166
2026-08-02 15:28:33-04,1174
2026-08-02 16:35:45-04,1166
2026-08-02 16:38:41-04,1158
2026-08-02 18:50:51-04,1150
2026-08-02 18:54:11-04,1142
2026-08-02 19:18:42-04,1134
2026-08-02 22:19:40-04,1126
2026-08-02 22:24:53-04,1117
2026-08-02 22:27:40-04,1109
2026-08-02 22:32:40-04,1117
2026-08-03 17:29:45-04,1110
2026-08-03 17:37:01-04,1118
2026-08-03 21:20:36-04,1126
2026-08-03 21:23:06-04,1134
2026-08-03 21:26:43-04,1142
2026-08-03 21:41:04-04,1134
2026-08-03 21:42:19-04,1141
2026-08-03 21:47:42-04,1135
2026-08-04 17:14:05-04,1127
2026-08-04 17:17:32-04,1119
2026-08-04 18:22:49-04,1127
2026-08-04 19:20:14-04,1135
2026-08-04 19:25:55-04,1143
2026-08-04 19:29:10-04,1143
2026-08-04 19:33:56-04,1151
2026-08-04 20:46:54-04,1159
2026-08-04 20:51:21-04,1167
2026-08-04 21:49:19-04,1175
2026-08-04 21:58:39-04,1183
2026-08-05 16:55:07-04,1191
2026-08-05 17:33:23-04,1183
2026-08-05 19:38:25-04,1175
2026-08-05 19:41:38-04,1167
2026-08-05 19:57:57-04,1159
2026-08-05 20:15:41-04,1166
2026-08-05 20:15:58-04,1174
2026-08-05 20:18:41-04,1166
2026-08-05 21:14:33-04,1174
2026-08-05 21:18:41-04,1182
2026-08-05 21:20:32-04,1191
2026-08-05 21:21:34-04,1183
2026-08-05 21:23:18-04,1175
2026-08-05 21:28:31-04,1182
2026-08-06 12:36:57-04,1174
2026-08-06 18:29:13-04,1166
2026-08-06 20:19:39-04,1157
2026-08-06 21:01:52-04,1149
2026-08-06 21:04:57-04,1141
2026-08-07 08:13:56-04,1150
2026-08-07 08:19:22-04,1142
2026-08-07 08:25:35-04,1134
2026-08-07 15:30:51-04,1142
2026-08-07 16:20:49-04,1134
2026-08-07 16:26:29-04,1142
2026-08-07 16:29:17-04,1135
2026-08-07 17:03:49-04,1127
2026-08-07 17:53:44-04,1135
2026-08-07 18:00:47-04,1143
2026-08-07 18:33:10-04,1135
2026-08-07 20:53:36-04,1143
2026-08-07 20:59:35-04,1134
2026-08-08 07:29:59-04,1127
2026-08-08 07:32:36-04,1135
2026-08-08 07:34:33-04,1143
2026-08-08 09:59:23-04,1135
2026-08-08 10:09:55-04,1127
2026-08-08 11:02:49-04,1120
2026-08-08 19:13:41-04,1112
2026-08-08 19:24:12-04,1120
2026-08-08 21:01:54-04,1112
2026-08-08 21:04:39-04,1104
2026-08-08 21:06:28-04,1112
2026-08-08 21:12:33-04,1120
2026-08-09 12:05:47-04,1128
2026-08-09 12:09:51-04,1136
2026-08-09 12:17:10-04,1144
2026-08-09 12:54:05-04,1136
2026-08-09 12:55:59-04,1143
2026-08-09 12:56:25-04,1151
2026-08-09 13:02:31-04,1151
2026-08-09 13:38:02-04,1159
2026-08-09 14:33:13-04,1167
2026-08-09 14:43:20-04,1175
2026-08-09 14:48:41-04,1183
2026-08-09 17:55:12-04,1175
2026-08-09 17:58:05-04,1167
2026-08-09 18:01:57-04,1175
2026-08-09 18:40:54-04,1166
2026-08-09 18:41:32-04,1158
2026-08-09 21:50:49-04,1150
2026-08-09 22:12:30-04,1142
2026-08-09 22:16:31-04,1150
2026-08-09 22:21:41-04,1158
2026-08-10 18:44:22-04,1166
2026-08-10 19:50:03-04,1158
2026-08-10 20:31:03-04,1150
2026-08-10 21:35:47-04,1150
2026-08-10 21:36:51-04,1158
2026-08-10 21:44:08-04,1166
2026-08-11 18:38:53-04,1159
2026-08-11 18:42:25-04,1167
2026-08-11 18:45:14-04,1158
2026-08-11 18:49:49-04,1166
2026-08-11 18:57:51-04,1158
2026-08-11 20:46:23-04,1150
2026-08-11 20:47:48-04,1142
2026-08-11 20:49:27-04,1150
2026-08-11 20:50:56-04,1142
2026-08-11 21:02:48-04,1150
2026-08-11 21:04:48-04,1142
2026-08-12 18:23:37-04,1134
2026-08-12 18:29:13-04,1142
2026-08-12 18:36:11-04,1134
2026-08-12 18:41:23-04,1142
2026-08-12 18:46:13-04,1134
2026-08-12 18:48:55-04,1126
2026-08-12 18:50:29-04,1118
2026-08-12 21:53:52-04,1110
2026-08-13 08:44:20-04,1118
2026-08-13 08:46:30-04,1126
2026-08-13 08:47:21-04,1118
2026-08-13 08:51:25-04,1126
2026-08-13 08:52:14-04,1118
2026-08-13 09:12:00-04,1111
2026-08-13 10:20:10-04,1103
2026-08-13 21:34:06-04,1096
2026-08-13 21:38:17-04,1088
2026-08-13 21:53:14-04,1081
2026-08-13 21:58:53-04,1089
2026-08-13 22:02:32-04,1081
2026-08-13 22:06:57-04,1073
2026-08-13 22:13:38-04,1065
2026-08-13 22:17:30-04,1058
2026-08-13 22:19:21-04,1050
2026-08-14 11:01:18-04,1043
2026-08-14 11:02:57-04,1051
2026-08-14 11:34:31-04,1059
2026-08-14 15:07:17-04,1067
2026-08-14 15:10:18-04,1075
2026-08-14 15:15:48-04,1083
2026-08-14 16:38:39-04,1076
2026-08-14 16:41:00-04,1068
2026-08-14 18:08:11-04,1076
2026-08-14 21:20:51-04,1084
2026-08-14 21:22:28-04,1092
2026-08-14 21:27:26-04,1100
2026-08-14 21:28:54-04,1092
2026-08-14 21:34:24-04,1099
2026-08-14 21:39:21-04,1106
2026-08-14 21:42:37-04,1098
2026-08-14 22:10:52-04,1106
2026-08-15 17:44:24-04,1114
2026-08-15 17:50:38-04,1122
2026-08-15 21:14:53-04,1114
2026-08-15 21:19:32-04,1106
2026-08-15 21:23:50-04,1114
2026-08-15 21:24:53-04,1105
2026-08-15 21:30:03-04,1113
2026-08-15 21:37:40-04,1122
2026-08-15 22:04:42-04,1130
2026-08-15 22:10:25-04,1138
2026-08-15 22:17:29-04,1146
2026-08-15 22:21:17-04,1155
2026-08-16 09:34:34-04,1163
2026-08-16 09:39:35-04,1169
2026-08-16 09:41:41-04,1177
2026-08-16 09:44:38-04,1170
2026-08-16 09:47:24-04,1162
2026-08-16 11:35:05-04,1154
2026-08-16 11:37:49-04,1146
2026-08-16 12:38:20-04,1154
2026-08-16 12:42:31-04,1162
2026-08-16 12:47:42-04,1170
2026-08-16 12:57:44-04,1178
2026-08-16 15:29:15-04,1186
2026-08-16 18:08:57-04,1177
2026-08-16 18:12:50-04,1169
2026-08-16 18:32:55-04,1161
2026-08-16 22:15:06-04,1169
2026-08-17 08:40:08-04,1161
2026-08-17 08:43:27-04,1169
2026-08-17 11:29:58-04,1177
2026-08-17 11:35:25-04,1169
2026-08-17 11:39:31-04,1177
2026-08-17 11:47:30-04,1170
2026-08-17 18:33:57-04,1178
2026-08-17 18:43:27-04,1171
2026-08-17 18:45:07-04,1163
2026-08-17 18:52:42-04,1156
2026-08-17 19:43:09-04,1164
2026-08-17 21:43:47-04,1173
2026-08-18 11:12:15-04,1165
2026-08-18 11:49:55-04,1157
2026-08-18 16:58:16-04,1165
2026-08-18 17:04:30-04,1173
2026-08-18 17:06:42-04,1165
2026-08-18 18:28:39-04,1157
2026-08-18 18:29:36-04,1165
2026-08-18 18:31:21-04,1173
2026-08-18 18:37:29-04,1165
2026-08-18 19:13:38-04,1158
2026-08-18 22:02:14-04,1149
2026-08-18 22:09:58-04,1157
2026-08-18 22:13:26-04,1149
2026-08-19 09:46:17-04,1141
2026-08-19 09:50:37-04,1149
2026-08-19 19:03:09-04,1141
2026-08-19 19:08:59-04,1149
2026-08-19 19:10:15-04,1157
2026-08-19 19:16:18-04,1165
2026-08-19 19:42:35-04,1157
2026-08-19 19:47:04-04,1165
2026-08-19 19:47:54-04,1157
2026-08-19 22:49:46-04,1150
2026-08-19 22:51:47-04,1160
2026-08-19 22:54:30-04,1152
2026-08-19 22:59:30-04,1160
2026-08-19 23:01:30-04,1152
2026-08-20 08:48:44-04,1160
2026-08-20 08:53:12-04,1168
2026-08-20 09:00:21-04,1168
2026-08-20 09:06:07-04,1176
2026-08-20 09:17:41-04,1184
2026-08-20 09:20:51-04,1192
2026-08-20 09:26:47-04,1200
2026-08-20 10:40:35-04,1207
2026-08-20 10:51:01-04,1215
2026-08-20 10:59:42-04,1223
2026-08-20 11:02:16-04,1232
2026-08-20 11:07:37-04,1240
